utc_timestamp,temperature,direct_radiation,diffuse_radiation,vienna_temperature,vienna_pressure,vienna_wind_speed,vienna_wind_direction,graz_temperature,graz_pressure,graz_wind_speed,graz_wind_direction,linz_temperature,linz_pressure,linz_wind_speed,linz_wind_direction,salzburg_temperature,salzburg_pressure,salzburg_wind_speed,salzburg_wind_direction,innsbruck_temperature,innsbruck_pressure,innsbruck_wind_speed,innsbruck_wind_direction,klagenfurt_temperature,klagenfurt_pressure,klagenfurt_wind_speed,klagenfurt_wind_direction,solar_prediction,wind_prediction,total_renewable
2026-08-28 00:00:00+00:00,23.5,0.0,0.0,23.5,995.2,10.0,139,20.0,974.7,6.1,40,24.3,983.8,5.2,78,19.9,962.3,3.9,158,24.2,948.9,8.0,275,20.8,964.7,0.8,297,0.58,2209.83,2210.41
2026-08-28 01:00:00+00:00,22.6,0.0,0.0,22.6,995.5,11.0,128,21.3,974.7,6.9,51,23.5,983.5,4.4,99,21.1,962.2,5.2,155,23.3,948.4,7.6,273,20.0,964.4,1.5,14,0.0,2318.27,2318.27
2026-08-28 02:00:00+00:00,21.8,0.0,0.0,21.8,995.2,12.0,129,21.1,974.9,7.1,60,22.5,983.8,2.8,140,20.2,962.5,0.4,180,23.0,948.3,6.6,257,19.3,964.5,1.5,14,0.0,2243.62,2243.62
2026-08-28 03:00:00+00:00,21.4,0.0,0.0,21.4,994.8,12.8,130,20.2,974.3,6.3,59,21.9,983.8,2.5,172,18.3,961.5,1.6,153,22.4,947.9,7.7,281,18.8,963.6,1.8,360,0.14,2185.59,2185.73
2026-08-28 04:00:00+00:00,20.7,0.0,0.0,20.7,994.7,14.1,128,19.8,974.5,4.7,67,21.2,983.2,3.6,174,20.6,961.8,6.9,141,22.2,948.0,7.6,267,18.6,963.9,2.7,337,0.0,2119.19,2119.19
2026-08-28 05:00:00+00:00,20.3,5.0,21.0,20.3,994.8,14.0,125,19.5,974.5,3.7,61,20.9,983.3,3.8,131,22.1,962.0,7.7,152,23.1,948.0,5.8,277,18.5,964.0,2.2,351,32.3,2047.86,2080.16
2026-08-28 06:00:00+00:00,20.8,58.0,78.0,20.8,994.8,13.3,131,21.5,975.4,3.1,54,21.3,984.4,2.6,146,22.8,962.3,7.3,147,22.7,948.0,6.3,294,19.1,964.0,1.9,22,93.55,2158.03,2251.5800000000004
2026-08-28 07:00:00+00:00,21.8,188.0,108.0,21.8,995.3,14.3,131,22.5,975.4,9.1,72,23.0,983.4,4.4,99,25.5,961.7,9.3,144,26.7,948.0,8.3,214,20.4,964.8,1.8,53,247.36,2243.44,2490.8
2026-08-28 08:00:00+00:00,23.6,327.0,127.0,23.6,995.4,16.3,135,23.8,975.5,7.4,76,25.6,983.7,8.7,97,27.8,962.7,7.3,160,26.8,947.9,10.3,192,22.1,964.8,2.2,351,327.95,1822.59,2150.54
2026-08-28 09:00:00+00:00,26.0,440.0,145.0,26.0,994.3,18.1,136,25.4,975.3,4.8,167,27.1,984.0,9.1,99,28.9,962.1,10.5,149,28.5,946.0,10.2,170,23.7,965.0,1.9,68,465.17,1489.76,1954.93
2026-08-28 10:00:00+00:00,27.5,539.0,146.0,27.5,993.7,19.2,140,26.5,974.4,5.8,150,29.3,981.7,14.3,100,30.5,961.2,10.8,165,29.3,947.1,19.8,178,26.2,964.5,1.6,63,468.87,1369.32,1838.19
2026-08-28 11:00:00+00:00,29.2,562.0,163.0,29.2,992.0,19.2,140,27.3,973.2,7.4,166,31.0,981.6,10.6,100,30.7,961.0,6.6,151,30.3,946.3,23.1,176,28.2,963.3,2.5,45,632.01,1414.26,2046.27
2026-08-28 12:00:00+00:00,30.7,526.0,184.0,30.7,991.8,20.0,142,28.2,972.8,7.8,146,32.7,981.4,11.0,101,34.1,961.2,4.8,167,31.1,946.4,23.3,160,28.8,963.0,0.8,63,652.76,1399.53,2052.29
2026-08-28 13:00:00+00:00,31.2,435.0,196.0,31.2,990.8,20.4,144,29.1,972.2,8.2,157,33.5,980.7,8.3,108,32.2,962.5,32.0,309,30.8,945.9,23.0,160,30.1,962.5,1.5,284,582.58,1362.67,1945.25
2026-08-28 14:00:00+00:00,31.3,410.0,153.0,31.3,990.9,18.8,148,29.8,972.0,8.0,172,34.3,980.9,4.7,122,28.0,964.4,18.1,311,27.3,947.1,13.5,164,31.3,962.5,1.8,127,381.9,1443.53,1825.4299999999998
2026-08-28 15:00:00+00:00,31.8,318.0,118.0,31.8,990.3,17.0,144,30.0,971.3,6.4,153,34.1,981.0,10.4,270,25.8,965.4,13.9,307,25.4,946.4,17.1,62,32.6,961.9,0.4,270,261.98,1311.7,1573.68
2026-08-28 16:00:00+00:00,31.7,196.0,89.0,31.7,989.5,16.2,143,29.6,970.8,5.7,125,30.4,981.6,26.7,268,23.0,965.4,15.9,309,23.7,946.2,12.3,75,32.5,961.3,12.0,224,226.78,1351.08,1577.86
2026-08-28 17:00:00+00:00,31.2,66.0,60.0,31.2,988.8,14.8,141,29.0,970.0,4.5,104,23.9,982.9,20.2,292,21.8,964.4,7.0,348,22.3,946.9,6.0,115,30.9,960.7,7.1,221,123.6,1353.75,1477.35
2026-08-28 18:00:00+00:00,30.2,3.0,14.0,30.2,989.5,13.4,144,25.8,969.8,6.1,40,23.9,982.9,7.1,225,20.8,963.9,6.0,327,21.4,946.8,6.7,106,27.5,960.2,4.8,207,24.9,1383.07,1407.97
2026-08-28 19:00:00+00:00,29.3,0.0,0.0,29.3,989.3,9.7,178,25.2,970.1,3.7,29,21.9,983.3,11.6,263,19.8,965.9,7.8,347,21.0,948.1,7.7,53,25.8,961.0,3.9,236,0.38,1284.95,1285.3300000000002
2026-08-28 20:00:00+00:00,28.4,0.0,0.0,28.4,990.0,5.6,255,23.0,970.3,4.5,29,20.7,984.5,23.9,288,19.2,966.4,2.6,16,20.2,948.5,4.7,99,21.4,964.4,19.3,233,0.38,1321.05,1321.43
2026-08-28 21:00:00+00:00,25.9,0.0,0.0,25.9,989.4,13.2,281,25.3,971.9,10.8,210,20.5,984.7,14.9,278,18.7,966.2,3.4,18,19.7,948.8,0.0,270,21.4,962.4,3.4,302,0.38,1587.11,1587.49
2026-08-28 22:00:00+00:00,23.4,0.0,0.0,23.4,990.7,22.3,272,23.3,970.4,7.2,180,20.1,985.7,12.4,260,18.3,967.7,16.2,328,18.8,950.5,4.4,305,19.7,961.8,2.3,288,2.73,2158.75,2161.48
2026-08-28 23:00:00+00:00,22.4,0.0,0.0,22.4,990.3,21.4,278,21.9,970.1,2.4,27,20.0,986.7,16.4,279,17.1,968.9,7.7,311,18.6,951.1,3.1,111,19.5,962.2,0.4,360,0.0,2207.65,2207.65
2026-08-29 00:00:00+00:00,21.1,0.0,0.0,21.1,992.6,19.8,282,22.0,970.4,4.8,27,18.8,987.9,20.1,261,16.5,968.7,5.4,70,17.5,951.4,8.2,61,19.5,961.5,2.9,60,0.0,2235.07,2235.07
2026-08-29 01:00:00+00:00,21.5,0.0,0.0,21.5,993.6,15.1,288,22.2,971.0,6.0,335,18.5,988.0,6.6,229,16.0,968.1,9.4,122,17.4,951.6,2.5,45,19.0,961.1,0.4,90,0.02,2355.54,2355.56
2026-08-29 02:00:00+00:00,21.5,0.0,0.0,21.5,994.5,18.4,281,22.6,971.8,18.4,329,18.7,988.2,8.7,263,16.2,968.0,10.8,150,16.9,951.6,3.5,204,18.9,961.5,1.6,27,0.02,2334.15,2334.17
2026-08-29 03:00:00+00:00,20.7,0.0,0.0,20.7,994.1,18.9,278,22.4,971.8,19.3,331,17.6,988.4,5.1,266,16.3,967.5,9.5,155,16.3,951.1,1.8,217,18.2,961.6,4.1,38,0.0,2398.27,2398.27
2026-08-29 04:00:00+00:00,20.0,0.0,0.0,20.0,994.2,15.1,282,22.3,971.9,18.8,328,17.5,987.8,4.0,297,16.0,967.3,7.0,159,16.4,951.0,1.0,225,18.3,962.2,5.2,124,0.32,2216.03,2216.3500000000004
2026-08-29 05:00:00+00:00,19.8,4.0,20.0,19.8,994.6,14.2,291,22.6,973.0,1.8,79,17.4,987.6,3.6,276,15.5,967.4,5.6,165,16.3,951.1,1.8,169,19.4,963.2,5.3,118,35.83,2116.44,2152.27
2026-08-29 06:00:00+00:00,20.6,69.0,70.0,20.6,995.2,12.5,288,21.2,973.9,4.3,85,18.5,988.1,3.6,264,16.3,968.0,4.0,153,17.0,951.5,1.1,198,19.9,963.8,2.2,81,106.03,2379.31,2485.34
2026-08-29 07:00:00+00:00,21.9,156.0,117.0,21.9,995.7,11.0,289,22.0,974.6,4.4,125,19.6,988.6,5.8,263,18.5,968.5,3.5,156,17.8,951.9,0.5,45,20.5,964.5,4.1,15,197.79,2232.27,2430.06
2026-08-29 08:00:00+00:00,23.1,213.0,169.0,23.1,996.1,11.6,286,22.7,975.1,3.3,174,20.7,988.8,7.2,267,20.2,968.7,2.1,121,18.8,951.9,1.6,27,21.5,964.8,3.6,45,316.88,2144.46,2461.34
2026-08-29 09:00:00+00:00,24.0,258.0,221.0,24.0,996.2,10.3,282,22.9,975.4,4.0,170,21.8,988.8,11.2,266,21.5,968.8,1.6,297,19.9,951.7,1.3,34,22.7,965.0,6.4,74,375.67,1852.15,2227.82
2026-08-29 10:00:00+00:00,25.1,319.0,228.0,25.1,996.0,9.4,288,24.5,975.5,5.4,172,22.7,988.7,11.5,274,21.9,968.4,5.2,326,21.1,951.3,1.6,63,23.4,964.9,6.7,74,593.59,1509.97,2103.56
2026-08-29 11:00:00+00:00,26.3,358.0,253.0,26.3,995.8,11.4,294,25.7,975.4,5.4,180,23.8,988.5,12.2,272,22.7,968.3,3.8,343,22.1,950.8,4.0,63,24.0,964.7,9.1,72,540.23,1342.63,1882.8600000000001
2026-08-29 12:00:00+00:00,27.1,277.0,292.0,27.1,995.6,9.5,279,24.9,975.3,10.5,186,24.6,988.3,12.3,275,22.8,968.1,3.2,180,23.0,950.5,6.0,57,24.5,964.7,8.4,80,495.48,1261.34,1756.82
2026-08-29 13:00:00+00:00,27.6,300.0,228.0,27.6,995.2,12.2,272,25.0,975.1,10.5,186,25.3,987.8,11.3,279,22.9,967.6,6.2,187,23.6,950.1,7.5,55,24.2,964.4,5.4,94,497.76,1339.76,1837.52
2026-08-29 14:00:00+00:00,27.5,283.0,197.0,27.5,994.8,12.4,278,25.4,974.5,6.9,189,25.6,987.3,10.4,270,23.3,967.1,4.8,167,23.9,949.5,8.8,55,24.2,964.0,10.1,86,443.41,1311.75,1755.16
2026-08-29 15:00:00+00:00,27.6,121.0,167.0,27.6,994.4,11.5,284,25.8,974.2,5.1,184,25.7,986.9,8.3,275,23.5,966.8,1.8,180,23.8,949.4,10.6,55,24.0,963.7,7.6,95,290.5,1299.27,1589.77
2026-08-29 16:00:00+00:00,27.4,53.0,122.0,27.4,994.2,8.9,310,25.5,974.1,5.7,162,25.5,986.6,8.0,288,23.1,966.5,4.0,170,23.0,949.2,9.8,54,24.1,963.5,5.8,86,202.27,1551.2,1753.47
2026-08-29 17:00:00+00:00,26.9,13.0,53.0,26.9,994.4,6.2,291,25.1,974.2,6.2,173,25.0,986.7,4.3,265,21.7,966.4,3.9,158,22.3,949.6,6.0,57,23.5,963.6,6.9,81,90.37,1595.88,1686.25
2026-08-29 18:00:00+00:00,26.4,0.0,5.0,26.4,994.8,6.1,273,23.7,974.3,2.2,90,23.9,986.8,3.1,291,20.3,966.4,5.7,125,21.1,949.9,3.4,58,22.2,963.8,3.3,96,19.06,1026.91,1045.97
2026-08-29 19:00:00+00:00,25.6,0.0,0.0,25.6,995.0,5.4,266,21.1,974.4,5.6,50,21.5,987.0,2.9,330,19.1,966.8,4.2,121,20.3,950.4,1.9,158,21.3,964.1,2.3,51,0.38,1206.97,1207.3500000000001
2026-08-29 20:00:00+00:00,24.8,0.0,0.0,24.8,995.2,6.2,263,19.7,974.6,4.8,27,20.8,987.3,3.4,328,18.1,967.0,3.3,139,20.0,950.9,2.5,172,20.7,964.4,1.1,18,0.38,1553.68,1554.0600000000002
2026-08-29 21:00:00+00:00,24.2,0.0,0.0,24.2,995.4,5.8,270,19.3,974.7,5.0,30,20.4,987.4,3.1,339,17.7,967.2,3.6,135,19.5,951.2,4.1,165,19.9,964.5,1.1,18,0.83,1559.85,1560.6799999999998
2026-08-29 22:00:00+00:00,23.8,0.0,0.0,23.8,995.3,4.0,270,19.0,974.7,5.0,21,20.4,987.5,2.9,330,17.4,967.4,4.3,132,18.3,951.2,4.2,149,19.5,964.8,0.5,225,3.25,650.97,654.22
2026-08-29 23:00:00+00:00,23.2,0.0,0.0,23.2,995.3,3.7,259,18.8,974.8,4.7,23,20.2,987.6,1.5,346,17.0,967.4,3.6,135,17.2,951.3,5.1,172,19.2,964.9,1.5,284,0.0,709.88,709.88
2026-08-30 00:00:00+00:00,22.5,0.0,0.0,22.5,995.1,3.1,225,18.8,974.7,4.8,27,20.0,987.6,1.1,18,16.6,967.3,3.6,127,17.0,951.1,3.8,163,18.5,964.7,1.9,292,0.0,670.73,670.73
2026-08-30 01:00:00+00:00,22.2,0.0,0.0,22.2,995.1,2.7,247,18.9,974.6,4.6,18,19.7,987.5,1.1,90,16.3,967.2,5.4,132,17.0,951.2,3.3,186,18.4,964.6,0.4,270,0.68,536.86,537.54
2026-08-30 02:00:00+00:00,22.2,0.0,0.0,22.2,995.4,2.4,243,18.3,974.6,4.8,27,19.7,987.7,0.8,117,16.7,967.3,6.1,130,16.7,951.1,4.6,162,18.5,964.8,0.8,243,0.68,504.7,505.38
2026-08-30 03:00:00+00:00,21.2,0.0,0.0,21.2,995.5,5.5,281,18.6,974.7,4.5,14,19.5,987.8,0.0,270,16.7,967.3,4.4,145,15.8,951.0,4.5,166,18.0,964.9,2.5,262,0.0,1243.06,1243.06
2026-08-30 04:00:00+00:00,20.4,0.0,0.0,20.4,995.9,6.1,230,18.7,975.0,3.5,24,19.2,988.0,0.5,225,16.4,967.6,3.8,139,15.5,951.2,4.4,171,17.7,965.1,1.3,304,0.0,1298.41,1298.41
2026-08-30 05:00:00+00:00,20.7,2.0,12.0,20.7,995.9,5.0,210,18.7,975.2,3.6,360,18.8,988.2,1.6,333,16.3,967.8,3.6,143,15.1,951.3,4.3,175,17.8,965.4,1.3,326,29.79,1236.21,1266.0
2026-08-30 06:00:00+00:00,21.2,9.0,61.0,21.2,996.2,3.1,216,19.9,975.8,3.3,354,19.2,988.7,2.3,198,17.8,968.1,3.7,151,16.5,951.8,1.3,214,18.6,965.9,0.7,90,125.97,561.28,687.25
2026-08-30 07:00:00+00:00,22.3,94.0,130.0,22.3,996.7,3.1,201,21.9,976.4,2.8,320,19.9,988.9,2.1,121,20.1,968.5,5.2,164,17.8,952.2,0.7,360,19.8,966.4,1.6,117,165.88,438.44,604.3199999999999
2026-08-30 08:00:00+00:00,23.9,189.0,173.0,23.9,997.1,1.5,194,23.6,976.7,2.3,231,21.4,989.1,2.6,124,22.0,968.8,5.8,158,19.6,952.4,2.0,45,21.3,966.7,0.8,333,286.06,200.58,486.64
2026-08-30 09:00:00+00:00,25.5,304.0,198.0,25.5,997.1,4.2,290,25.2,976.8,3.6,186,23.3,989.2,2.2,180,23.4,968.8,3.9,146,21.4,952.2,2.1,59,22.9,967.0,1.1,342,469.87,799.34,1269.21
2026-08-30 10:00:00+00:00,26.3,290.5,230.8,26.3,996.8,7.5,265,25.7,976.6,3.8,189,24.7,988.7,6.4,214,24.7,968.5,1.8,95,22.6,951.8,2.2,44,24.3,966.7,1.6,94,476.29,1407.54,1883.83
2026-08-30 11:00:00+00:00,27.8,412.0,217.5,27.8,996.3,8.1,263,26.6,976.2,3.8,174,26.0,988.3,7.8,262,25.4,968.2,4.8,324,23.6,951.3,2.3,73,25.5,966.3,2.4,70,621.52,1257.54,1879.06
2026-08-30 12:00:00+00:00,28.7,476.8,183.3,28.7,995.9,10.2,264,26.9,975.8,5.0,177,26.6,987.7,9.9,260,25.9,967.7,7.2,232,24.3,951.0,3.1,52,26.5,965.8,3.4,70,509.05,1209.02,1718.07
2026-08-30 13:00:00+00:00,29.4,426.0,182.0,29.4,995.4,11.2,272,27.2,975.4,4.5,166,27.2,987.3,8.6,248,26.0,967.4,7.4,317,24.5,950.9,2.2,81,27.3,965.5,2.8,140,611.76,1258.55,1870.31
2026-08-30 14:00:00+00:00,29.8,353.0,165.0,29.8,994.8,5.2,254,27.6,975.0,5.2,164,27.5,986.8,8.4,239,25.9,967.2,7.7,319,24.6,950.5,3.7,61,27.5,964.8,4.0,153,428.45,975.09,1403.54
2026-08-30 15:00:00+00:00,30.2,244.0,141.0,30.2,994.4,7.6,199,27.6,974.7,5.5,169,27.6,986.7,8.2,241,25.8,966.9,6.1,315,24.2,950.4,4.8,42,27.4,964.6,2.9,187,377.29,1501.78,1879.07
2026-08-30 16:00:00+00:00,29.2,120.0,103.0,29.2,994.4,9.0,180,27.2,974.6,5.9,169,27.3,986.6,5.8,240,25.3,966.9,5.1,315,23.4,950.4,4.6,45,27.3,964.5,2.5,180,205.27,1349.97,1555.24
2026-08-30 17:00:00+00:00,28.4,47.0,63.0,28.4,994.4,7.4,166,26.4,974.5,4.2,160,26.7,986.6,4.4,261,24.3,966.8,2.4,333,22.6,950.6,3.1,21,26.5,964.4,3.2,153,115.41,1432.27,1547.68
2026-08-30 18:00:00+00:00,26.6,2.0,12.0,26.6,994.6,4.8,167,24.7,974.5,1.1,108,25.4,986.7,3.3,319,23.1,966.8,2.5,98,21.1,950.9,2.5,8,24.3,964.4,3.2,153,27.01,622.46,649.47
2026-08-30 19:00:00+00:00,25.5,0.0,0.0,25.5,995.0,2.5,188,23.4,974.8,2.6,56,23.2,987.1,5.1,352,21.4,967.1,4.9,126,19.7,951.3,1.6,333,21.7,964.7,2.9,150,0.38,391.54,391.92
2026-08-30 20:00:00+00:00,24.7,0.0,0.0,24.7,995.0,0.8,207,22.2,974.8,3.6,6,21.9,987.0,5.8,360,19.6,966.9,6.0,123,18.8,951.2,1.1,270,20.4,964.8,2.1,121,0.38,377.22,377.6
2026-08-30 21:00:00+00:00,24.0,0.0,0.0,24.0,994.9,2.1,121,20.3,974.7,4.7,337,21.3,986.5,5.8,4,18.7,966.5,5.8,120,18.4,951.1,2.4,153,19.3,964.8,0.8,117,0.83,495.64,496.46999999999997
2026-08-30 22:00:00+00:00,22.9,0.0,0.0,22.9,994.6,3.1,126,19.0,974.5,5.0,330,20.6,986.3,5.6,15,17.8,966.2,6.0,115,18.0,950.7,2.9,120,18.4,964.6,0.5,225,0.0,608.66,608.66
2026-08-30 23:00:00+00:00,22.1,0.0,0.0,22.1,994.3,2.4,153,18.3,974.2,4.9,324,20.4,986.2,5.5,11,17.4,965.9,6.3,114,17.6,950.2,0.8,117,17.7,964.7,0.7,180,0.0,529.09,529.09
2026-08-31 00:00:00+00:00,21.6,0.0,0.0,21.6,994.0,2.4,153,18.0,973.9,4.6,321,20.3,985.8,5.4,20,17.2,965.3,6.3,114,17.2,949.8,1.5,76,17.2,964.5,0.7,180,0.2,528.82,529.0200000000001
2026-08-31 01:00:00+00:00,21.0,0.0,0.0,21.0,993.8,2.6,146,17.6,973.7,4.1,315,20.0,985.4,5.5,23,16.9,964.8,6.2,111,17.1,949.6,1.5,194,16.8,964.2,0.8,117,0.0,484.14,484.14
2026-08-31 02:00:00+00:00,20.4,0.0,0.0,20.4,993.3,2.0,135,17.2,973.3,3.6,323,19.7,984.8,5.7,18,16.4,964.5,5.8,112,16.9,949.6,3.6,225,16.5,963.9,0.8,207,0.0,660.48,660.48
2026-08-31 03:00:00+00:00,19.9,0.0,0.0,19.9,993.0,1.8,127,16.8,973.0,3.6,323,19.3,984.4,4.9,17,16.2,964.6,4.0,100,16.7,950.3,6.4,223,16.3,963.6,1.0,135,0.0,540.05,540.05
2026-08-31 04:00:00+00:00,19.4,0.0,0.0,19.4,992.6,3.4,122,16.3,972.6,3.8,319,18.8,984.3,5.0,360,16.9,966.3,4.3,355,16.2,950.6,4.5,209,15.9,963.2,1.3,56,0.6,557.12,557.72
2026-08-31 05:00:00+00:00,19.2,3.0,16.0,19.2,992.5,2.8,140,16.2,972.7,3.9,326,19.4,985.6,7.9,294,17.1,967.4,4.1,322,16.1,951.0,3.4,198,15.7,963.4,1.1,18,37.28,548.17,585.4499999999999
2026-08-31 06:00:00+00:00,20.4,40.0,69.0,20.4,992.7,3.5,156,18.6,973.1,2.5,315,19.3,987.2,9.5,281,17.6,967.9,7.7,131,16.5,951.6,4.1,142,17.3,963.9,0.7,360,92.88,799.7,892.58
2026-08-31 07:00:00+00:00,22.4,107.0,120.0,22.4,993.1,3.6,186,22.0,973.5,1.6,297,18.5,987.5,5.9,232,18.6,968.0,4.8,138,17.7,951.8,0.5,45,19.5,964.3,1.4,360,187.73,595.53,783.26
2026-08-31 08:00:00+00:00,24.8,118.0,145.0,24.8,994.4,15.2,292,24.3,973.7,1.4,270,18.9,987.9,6.9,242,19.7,968.2,1.1,162,18.9,951.9,1.5,45,22.0,964.7,0.5,135,241.24,1765.41,2006.65
2026-08-31 09:00:00+00:00,23.6,115.0,202.0,23.6,995.3,21.0,282,26.4,974.0,4.1,308,19.9,988.1,7.9,254,21.2,968.5,8.3,275,19.7,951.8,1.8,79,24.0,964.6,1.0,225,357.48,1479.23,1836.71
2026-08-31 10:00:00+00:00,22.8,33.0,167.0,22.8,995.2,10.8,300,27.3,973.9,10.2,352,21.9,987.9,11.3,261,22.0,968.3,13.6,282,20.7,951.6,2.9,60,25.7,964.5,1.1,252,241.95,1436.43,1678.38
2026-08-31 11:00:00+00:00,23.6,122.0,231.0,23.6,995.3,11.5,284,28.1,974.0,10.9,343,23.2,987.7,13.0,268,22.0,968.3,14.5,289,21.1,951.3,2.5,45,27.2,964.3,2.7,337,349.48,1348.25,1697.73
2026-08-31 12:00:00+00:00,25.3,123.0,257.0,25.3,994.9,14.7,287,28.2,973.9,9.7,345,24.1,987.5,12.6,270,21.7,968.5,8.9,284,21.3,951.2,3.4,342,28.0,964.0,2.8,40,434.3,1255.93,1690.23
2026-08-31 13:00:00+00:00,26.0,142.0,182.0,26.0,994.6,13.1,286,28.3,973.8,9.9,350,24.8,987.2,13.7,267,21.8,968.3,6.8,267,20.7,951.4,2.9,353,28.2,963.7,5.1,39,313.31,1218.31,1531.62
2026-08-31 14:00:00+00:00,26.7,122.0,174.0,26.7,994.3,11.5,284,28.1,973.6,9.0,355,25.2,986.9,14.5,263,21.9,968.1,5.6,230,19.7,951.6,2.7,23,28.0,963.4,7.5,35,296.79,1275.33,1572.12
2026-08-31 15:00:00+00:00,26.9,87.0,157.0,26.9,994.1,10.7,282,27.4,973.6,8.7,355,25.3,986.8,14.3,260,21.7,968.1,6.5,199,18.8,952.0,2.6,56,27.0,963.4,8.3,34,257.11,1259.99,1517.1
2026-08-31 16:00:00+00:00,26.4,40.0,146.0,26.4,994.2,10.2,280,25.9,974.0,8.9,346,24.8,987.1,12.5,258,21.1,968.3,6.5,186,18.2,952.3,2.9,83,24.7,964.1,5.8,30,234.22,1311.11,1545.33
2026-08-31 17:00:00+00:00,25.3,16.0,70.0,25.3,994.7,10.2,280,23.9,974.5,9.8,332,24.0,987.5,9.6,257,20.3,968.6,5.4,176,17.7,952.7,3.4,108,21.8,965.2,2.2,9,113.38,1747.95,1861.33
2026-08-31 18:00:00+00:00,24.4,1.0,5.0,24.4,995.1,9.8,278,22.2,975.1,10.6,325,23.1,988.0,7.1,255,19.6,969.0,4.7,176,17.2,953.1,3.9,124,19.6,966.2,1.8,259,20.94,2052.1,2073.04
2026-08-31 19:00:00+00:00,23.9,0.0,0.0,23.9,995.6,9.1,277,21.0,975.9,10.8,323,22.1,988.7,5.5,259,19.2,969.6,4.1,195,16.7,953.7,3.6,143,18.7,966.9,3.4,238,0.36,2213.48,2213.84
2026-08-31 20:00:00+00:00,23.4,0.0,0.0,23.4,996.3,8.3,272,20.2,976.5,10.6,325,21.1,989.3,4.7,270,18.8,970.2,4.6,219,16.2,954.2,2.9,173,18.5,967.4,4.3,228,2.73,2062.6,2065.33
2026-08-31 21:00:00+00:00,22.9,0.0,0.0,22.9,996.7,7.6,270,19.5,977.0,9.6,326,20.2,989.9,4.4,279,18.5,970.7,5.0,240,15.8,954.7,3.4,198,18.5,967.7,4.6,225,0.0,2114.21,2114.21
2026-08-31 22:00:00+00:00,22.4,0.0,0.0,22.4,996.9,6.1,273,19.0,977.0,7.2,323,19.5,990.2,4.5,284,18.2,970.8,4.1,255,15.4,954.8,4.2,211,18.4,967.7,2.8,230,0.0,1602.49,1602.49
2026-08-31 23:00:00+00:00,21.9,0.0,0.0,21.9,997.0,5.1,278,18.7,976.9,4.3,318,19.1,990.2,4.8,283,17.9,970.9,2.7,293,15.0,954.8,4.7,212,18.3,967.4,0.5,315,0.58,1109.56,1110.1399999999999
2026-09-01 00:00:00+00:00,21.3,0.0,0.0,21.3,997.0,4.1,285,18.5,976.7,2.3,309,18.5,990.3,5.2,282,17.7,970.9,2.6,326,14.7,954.7,4.9,216,18.3,967.3,1.9,22,0.0,593.3,593.3
2026-09-01 01:00:00+00:00,20.7,0.0,0.0,20.7,997.3,4.1,285,18.2,976.8,1.8,323,17.8,990.4,4.7,279,17.4,970.9,2.4,333,14.4,954.8,4.4,215,18.0,967.3,1.8,11,0.0,503.88,503.88
2026-09-01 02:00:00+00:00,20.0,0.0,0.0,20.0,997.6,4.8,283,17.9,977.0,2.4,333,17.0,990.6,4.3,275,17.2,971.0,1.5,315,14.2,954.7,3.7,209,17.7,967.5,1.1,342,0.32,832.89,833.21
2026-09-01 03:00:00+00:00,19.6,0.0,0.0,19.6,998.0,5.2,282,17.8,977.2,2.6,344,16.5,990.8,4.0,270,17.0,971.1,0.8,297,14.1,954.8,3.1,201,17.5,967.8,1.1,288,0.0,954.56,954.56
2026-09-01 04:00:00+00:00,19.4,0.0,0.0,19.4,998.5,4.7,274,17.7,977.7,2.6,344,16.4,991.2,3.3,264,16.8,971.4,1.0,135,14.2,955.1,2.7,203,17.6,968.2,1.1,252,0.6,766.74,767.34
2026-09-01 05:00:00+00:00,19.5,8.0,11.0,19.5,998.9,4.3,265,17.7,978.2,2.3,342,16.7,991.7,3.0,256,16.6,971.7,2.8,130,14.4,955.4,2.4,207,17.7,968.6,1.3,214,43.09,673.97,717.0600000000001
2026-09-01 06:00:00+00:00,20.0,67.0,73.0,20.0,999.4,5.1,266,18.0,978.7,1.9,338,17.3,992.1,3.3,257,16.8,972.0,3.3,131,15.0,955.7,2.1,211,18.1,969.0,1.5,194,92.32,820.04,912.3599999999999
2026-09-01 07:00:00+00:00,21.4,214.0,92.0,21.4,999.7,8.0,275,19.1,979.1,1.1,360,18.6,992.4,5.8,266,17.9,972.4,1.4,180,16.0,956.0,1.9,202,18.6,969.3,1.1,198,213.71,1305.74,1519.45
2026-09-01 08:00:00+00:00,23.4,329.0,120.0,23.4,1000.0,11.8,282,20.4,979.5,1.1,108,20.2,992.8,9.7,270,19.4,972.8,4.0,265,17.3,956.2,1.5,194,19.3,969.5,0.4,180,354.71,2316.12,2670.83
2026-09-01 09:00:00+00:00,25.0,411.0,148.0,25.0,1000.0,14.9,285,21.5,979.8,2.6,124,21.7,992.8,12.6,272,20.8,972.9,7.6,275,18.5,956.3,1.4,180,20.0,969.6,0.4,90,403.51,2087.53,2491.04
2026-09-01 10:00:00+00:00,26.0,453.0,174.0,26.0,999.8,15.7,286,22.0,979.8,4.1,135,22.8,992.5,14.0,271,21.7,972.7,10.2,280,19.6,956.2,1.1,180,21.0,969.6,1.8,90,496.83,1866.48,2363.31
2026-09-01 11:00:00+00:00,26.7,450.0,198.0,26.7,999.3,15.8,287,22.1,979.6,5.7,145,23.6,992.1,14.8,270,22.4,972.4,12.2,284,20.5,955.8,0.7,180,22.0,969.5,3.2,90,656.11,1743.06,2399.17
2026-09-01 12:00:00+00:00,27.2,407.0,216.0,27.2,999.0,15.4,286,22.3,979.5,6.8,148,24.3,991.7,15.1,270,22.9,972.1,13.6,287,21.2,955.5,0.5,225,22.7,969.2,4.7,90,620.49,1665.01,2285.5
2026-09-01 13:00:00+00:00,27.5,316.0,241.0,27.5,998.6,15.3,285,22.6,979.1,6.3,149,24.7,991.3,15.5,273,23.1,971.8,14.2,291,21.6,955.1,0.8,297,22.9,968.9,5.4,94,578.27,1671.74,2250.01
2026-09-01 14:00:00+00:00,27.6,250.0,219.0,27.6,998.1,14.8,283,23.0,978.7,5.3,152,24.8,991.0,15.6,278,23.2,971.6,13.9,295,21.8,954.8,2.0,315,22.9,968.5,5.8,97,343.71,1732.19,2075.9
2026-09-01 15:00:00+00:00,27.3,183.0,176.0,27.3,997.9,13.9,280,23.0,978.4,3.7,151,24.6,990.8,14.7,281,22.9,971.4,12.2,298,21.6,954.6,2.8,320,22.6,968.3,5.2,102,280.78,1692.73,1973.51
2026-09-01 16:00:00+00:00,26.5,113.0,116.0,26.5,998.0,12.0,277,22.6,978.3,1.5,135,23.9,990.9,11.8,282,22.3,971.3,8.4,301,20.7,954.7,2.9,330,21.8,968.2,2.9,120,223.5,1956.26,2179.76
2026-09-01 17:00:00+00:00,25.4,48.0,51.0,25.4,998.3,9.0,270,22.0,978.3,1.5,14,22.7,991.2,7.8,283,21.4,971.4,3.1,306,19.3,954.9,2.3,342,20.7,968.2,1.8,217,79.82,1702.69,1782.51
2026-09-01 18:00:00+00:00,24.2,3.0,3.0,24.2,998.6,7.2,264,21.1,978.4,3.3,354,21.5,991.4,4.6,288,20.3,971.5,1.1,90,18.1,955.2,1.8,349,19.8,968.3,3.9,248,18.99,1442.42,1461.41
2026-09-01 19:00:00+00:00,23.2,0.0,0.0,23.2,999.0,6.5,270,19.8,978.8,4.1,345,20.2,991.8,3.3,311,18.7,971.8,3.1,111,17.1,955.5,0.8,333,19.1,968.8,3.9,248,0.0,1594.71,1594.71
2026-09-01 20:00:00+00:00,22.3,0.0,0.0,22.3,999.5,6.6,283,18.3,979.2,4.3,336,18.8,992.2,4.0,333,16.8,972.3,4.5,119,16.3,956.0,1.1,198,18.4,969.6,2.9,240,0.46,1723.27,1723.73
2026-09-01 21:00:00+00:00,21.4,0.0,0.0,21.4,999.9,6.5,289,17.2,979.4,4.5,331,17.7,992.5,4.8,347,15.3,972.5,5.3,118,15.6,956.2,2.5,188,17.9,970.0,2.3,231,0.14,1687.75,1687.89
2026-09-01 22:00:00+00:00,20.7,0.0,0.0,20.7,1000.0,5.6,285,16.6,979.4,4.5,331,17.1,992.5,4.7,356,14.5,972.4,6.0,115,15.0,956.1,3.6,186,17.5,970.2,2.6,236,0.0,1279.24,1279.24
2026-09-01 23:00:00+00:00,20.1,0.0,0.0,20.1,1000.0,4.7,274,16.4,979.2,4.3,336,16.7,992.5,4.3,5,14.2,972.1,6.0,115,14.6,955.9,4.3,185,17.3,970.1,3.1,249,0.0,1188.22,1188.22
2026-09-02 00:00:00+00:00,19.5,0.0,0.0,19.5,1000.0,4.0,265,16.2,979.1,4.3,336,16.4,992.4,4.0,10,13.8,971.8,6.2,111,14.2,955.6,4.7,184,17.0,970.0,3.1,249,0.05,926.54,926.5899999999999
2026-09-02 01:00:00+00:00,18.7,0.0,0.0,18.7,1000.1,4.0,265,15.8,979.0,4.3,336,16.1,992.3,4.0,10,13.3,971.7,6.2,111,13.8,955.5,4.7,184,16.8,969.8,2.1,239,0.0,898.31,898.31
2026-09-02 02:00:00+00:00,17.9,0.0,0.0,17.9,1000.1,4.0,270,15.5,978.9,4.5,331,15.8,992.2,4.0,10,12.8,971.6,6.0,107,13.4,955.4,4.7,184,16.6,969.7,1.6,207,0.0,903.68,903.68
2026-09-02 03:00:00+00:00,17.5,0.0,0.0,17.5,1000.2,3.6,276,15.4,979.0,4.2,329,15.8,992.2,3.7,11,12.6,971.6,6.0,107,13.2,955.4,4.3,185,16.6,969.7,1.5,166,0.0,851.81,851.81
2026-09-02 04:00:00+00:00,17.4,0.0,0.0,17.4,1000.4,2.8,287,15.9,979.3,3.7,331,15.7,992.3,2.8,18,13.6,971.8,5.7,129,13.5,955.6,3.5,183,16.6,969.9,1.0,189,0.0,606.46,606.46
2026-09-02 05:00:00+00:00,17.8,6.0,10.0,17.8,1000.6,2.1,302,16.7,979.8,3.2,332,15.7,992.5,1.9,26,15.0,972.0,5.3,153,14.0,955.8,2.9,180,16.8,970.3,0.7,277,24.85,573.07,597.9200000000001
2026-09-02 06:00:00+00:00,18.1,51.8,82.3,18.1,1000.8,1.7,317,17.5,980.1,3.1,338,15.5,992.6,1.3,47,16.3,972.2,5.1,176,14.6,956.1,2.7,177,16.9,970.6,1.3,296,100.26,650.36,750.62
2026-09-02 07:00:00+00:00,18.7,151.0,118.0,18.7,1001.2,2.5,360,18.8,980.5,1.8,281,17.1,992.7,0.8,117,17.7,972.3,1.8,180,16.6,955.9,1.0,135,17.5,970.4,2.4,27,185.81,237.45,423.26
2026-09-02 08:00:00+00:00,21.0,246.0,153.0,21.0,1001.2,4.3,42,20.7,980.6,4.1,195,19.4,992.8,2.5,98,19.4,972.3,1.3,56,18.7,955.9,1.8,79,18.7,970.5,3.8,41,316.05,673.34,989.3900000000001
2026-09-02 09:00:00+00:00,22.9,335.0,176.0,22.9,1001.0,5.9,52,22.4,980.4,7.2,183,21.4,992.6,3.3,96,21.0,972.1,3.4,32,20.6,955.7,2.9,60,19.8,970.3,4.6,51,382.24,1490.08,1872.32
2026-09-02 10:00:00+00:00,24.3,453.0,170.0,24.3,1000.4,4.7,58,23.5,980.0,9.0,180,22.9,992.0,2.5,98,22.2,971.7,4.8,27,21.9,955.3,4.1,45,21.0,969.9,4.7,58,460.51,910.38,1370.8899999999999
2026-09-02 11:00:00+00:00,25.5,475.0,180.0,25.5,999.7,2.1,59,24.4,979.4,9.7,180,24.2,991.4,1.1,90,23.3,971.1,5.8,22,22.9,954.7,5.0,30,22.2,969.3,4.6,72,473.15,247.27,720.42
2026-09-02 12:00:00+00:00,26.4,440.0,187.0,26.4,998.8,0.8,153,25.0,978.7,10.1,180,25.2,990.6,0.8,297,24.0,970.6,6.0,17,23.6,954.1,6.0,25,23.1,968.7,4.4,81,599.53,574.66,1174.19
2026-09-02 13:00:00+00:00,27.1,336.0,196.0,27.1,998.0,2.6,164,25.4,978.0,9.7,178,25.7,989.8,3.0,284,24.3,970.0,6.3,13,24.1,953.6,6.5,19,23.9,968.0,4.3,95,436.5,443.66,880.1600000000001
2026-09-02 14:00:00+00:00,27.6,270.0,181.0,27.6,997.1,4.5,151,25.5,977.1,9.0,178,25.8,989.0,5.5,281,24.2,969.4,5.8,7,24.3,953.2,6.3,13,24.4,967.3,4.6,108,410.63,836.07,1246.7
2026-09-02 15:00:00+00:00,27.5,201.0,151.0,27.5,996.4,5.8,150,25.2,976.5,7.6,175,25.5,988.3,6.6,283,23.7,969.0,4.7,360,24.1,952.8,6.3,13,24.5,966.6,4.5,119,303.82,1356.47,1660.29
2026-09-02 16:00:00+00:00,26.7,129.0,112.0,26.7,995.9,6.0,155,24.2,976.1,5.2,164,24.7,987.9,5.6,285,22.7,968.7,2.3,342,23.1,952.7,6.2,21,23.9,966.2,3.8,139,226.84,1445.44,1672.28
2026-09-02 17:00:00+00:00,25.3,54.0,50.0,25.3,995.6,5.2,164,22.7,975.8,2.8,140,23.5,987.6,3.2,297,21.3,968.5,1.8,217,21.6,952.7,5.7,35,22.8,966.0,3.3,167,77.74,797.29,875.03
2026-09-02 18:00:00+00:00,23.9,3.0,3.0,23.9,995.3,4.3,175,21.4,975.6,2.2,81,22.1,987.5,1.5,315,20.0,968.5,4.3,204,20.3,952.8,5.6,45,21.6,965.8,3.3,193,20.36,662.35,682.71
2026-09-02 19:00:00+00:00,22.5,0.0,0.0,22.5,995.1,3.3,193,20.4,975.5,2.9,30,20.4,987.4,1.3,326,19.0,968.6,5.8,210,19.4,953.0,4.8,48,20.3,965.7,3.1,216,0.0,623.96,623.96
2026-09-02 20:00:00+00:00,21.0,0.0,0.0,21.0,994.9,2.8,220,19.5,975.4,4.0,10,18.5,987.4,1.6,297,18.2,968.9,6.5,214,18.7,953.4,3.8,49,18.9,965.7,3.1,234,0.0,604.45,604.45
2026-09-02 21:00:00+00:00,19.9,0.0,0.0,19.9,994.8,2.7,247,18.7,975.2,5.1,356,17.1,987.5,1.8,281,17.6,968.9,6.9,219,18.1,953.6,2.5,45,17.8,965.6,3.4,252,0.0,666.04,666.04
2026-09-02 22:00:00+00:00,19.3,0.0,0.0,19.3,994.7,3.3,257,17.7,975.1,5.2,348,16.5,987.4,1.9,248,17.4,968.8,6.7,216,17.5,953.5,1.0,45,17.0,965.5,3.7,259,0.0,724.91,724.91
2026-09-02 23:00:00+00:00,19.0,0.0,0.0,19.0,994.7,4.0,265,16.7,975.0,5.0,339,16.3,987.3,3.1,216,17.5,968.6,6.5,214,17.0,953.2,0.0,270,16.4,965.4,4.0,260,4.32,878.05,882.37
2026-09-03 00:00:00+00:00,18.9,0.0,0.0,18.9,994.6,4.3,265,16.1,974.8,4.8,333,16.3,987.2,3.9,214,17.6,968.5,5.8,210,16.6,952.9,1.0,225,15.9,965.2,4.4,261,0.0,967.57,967.57
2026-09-03 01:00:00+00:00,18.8,0.0,0.0,18.8,994.4,4.4,261,15.8,974.5,5.3,332,16.5,987.1,4.1,232,17.6,968.3,4.9,216,16.3,952.7,1.0,225,15.4,965.0,4.5,256,0.0,967.32,967.32
2026-09-03 02:00:00+00:00,18.8,0.0,0.0,18.8,994.1,4.1,255,15.8,974.4,5.6,333,16.9,987.1,4.6,252,17.7,968.2,3.8,229,16.1,952.5,0.7,270,14.9,964.9,4.6,252,0.0,916.8,916.8
2026-09-03 03:00:00+00:00,19.1,0.0,0.0,19.1,993.8,4.5,256,16.1,974.2,5.6,333,17.2,987.0,5.4,262,17.8,968.0,3.1,234,16.0,952.3,0.4,360,14.7,964.6,4.3,246,0.0,955.18,955.18
2026-09-03 04:00:00+00:00,19.8,0.0,0.0,19.8,993.8,6.2,263,16.6,974.1,5.6,333,17.4,986.9,5.9,256,17.7,967.8,3.9,214,16.1,952.2,1.1,72,15.0,964.6,4.5,241,0.0,1634.06,1634.06
2026-09-03 05:00:00+00:00,20.8,2.0,8.0,20.8,993.8,8.3,268,17.3,973.9,5.2,335,17.6,987.0,6.6,248,17.7,967.5,5.6,195,16.2,952.3,2.5,90,15.7,964.5,4.5,241,29.21,2225.73,2254.94
2026-09-03 06:00:00+00:00,21.7,16.0,70.0,21.7,993.7,10.8,270,18.4,973.9,4.0,333,17.9,986.9,7.4,247,17.9,967.4,6.2,187,16.8,952.2,3.6,96,16.7,964.5,3.9,236,105.78,2251.88,2357.6600000000003
2026-09-03 07:00:00+00:00,22.2,31.0,121.0,22.2,993.8,12.6,268,20.3,973.9,1.8,323,18.4,986.9,8.2,255,18.7,967.3,4.3,180,17.9,952.1,3.6,96,18.0,964.6,2.3,231,235.57,2028.4,2263.9700000000003
2026-09-03 08:00:00+00:00,22.6,56.0,169.0,22.6,993.9,14.4,266,22.5,974.0,1.1,180,19.0,986.9,9.0,265,19.8,967.3,0.8,153,19.4,951.9,3.2,90,19.7,964.6,0.4,180,245.34,1971.03,2216.37
2026-09-03 09:00:00+00:00,23.1,90.0,208.0,23.1,993.7,16.7,264,24.3,974.0,3.7,169,19.5,986.8,10.4,272,20.5,967.1,1.6,27,20.7,951.6,2.5,82,21.2,964.5,1.5,76,356.49,1792.49,2148.98
2026-09-03 10:00:00+00:00,24.2,197.0,242.0,24.2,993.2,19.6,264,25.3,973.6,5.9,166,19.9,986.3,12.6,273,20.6,966.6,2.1,31,21.8,950.8,2.1,59,22.4,964.1,2.6,74,425.96,1608.28,2034.24
2026-09-03 11:00:00+00:00,25.4,210.0,250.0,25.4,992.5,22.4,264,25.8,973.0,7.4,166,20.2,985.6,14.4,273,20.3,965.9,1.5,45,22.7,949.7,2.7,23,23.5,963.4,3.4,72,427.19,1438.59,1865.78
2026-09-03 12:00:00+00:00,26.1,181.0,239.0,26.1,991.8,24.3,264,26.0,972.2,8.1,167,20.3,984.9,15.5,271,20.0,965.2,1.1,90,23.3,948.9,3.6,6,24.3,962.6,4.2,70,386.76,1346.47,1733.23
2026-09-03 13:00:00+00:00,25.7,120.0,227.0,25.7,991.1,24.3,263,25.9,971.4,6.9,171,20.1,984.2,14.4,270,19.8,964.6,2.0,135,23.4,948.4,5.1,4,24.8,961.7,4.6,72,376.4,1334.93,1711.33
2026-09-03 14:00:00+00:00,24.8,74.0,173.0,24.8,990.3,23.3,262,25.4,970.7,4.3,175,19.7,983.6,12.2,268,19.5,964.1,3.4,148,23.0,947.9,6.2,10,25.1,960.7,4.5,76,264.83,1422.12,1686.9499999999998
2026-09-03 15:00:00+00:00,23.7,34.0,110.0,23.7,989.7,20.8,261,24.6,970.0,2.2,189,19.3,982.9,9.4,266,19.2,963.6,4.6,162,22.5,947.5,6.9,9,24.9,959.9,4.1,75,149.97,1783.46,1933.43
2026-09-03 16:00:00+00:00,22.4,39.0,42.0,22.4,989.4,15.3,261,23.1,969.5,0.0,270,18.9,981.9,5.4,250,18.9,962.7,5.1,172,21.9,947.1,5.8,4,24.1,959.3,3.7,61,75.66,2054.06,2129.72
2026-09-03 17:00:00+00:00,20.9,16.0,15.0,20.9,989.1,8.5,258,21.3,969.2,2.2,9,18.4,981.0,2.9,187,18.5,961.7,5.4,188,21.1,946.8,4.4,351,23.0,959.0,3.9,34,34.93,1982.17,2017.1000000000001
2026-09-03 18:00:00+00:00,19.7,1.0,1.0,19.7,988.8,4.0,243,19.8,968.8,4.0,10,18.1,980.5,3.7,169,18.2,961.3,6.0,213,20.2,946.7,3.5,336,21.9,958.6,4.1,15,15.73,727.72,743.45
2026-09-03 19:00:00+00:00,18.9,0.0,0.0,18.9,988.4,5.4,217,19.0,968.4,4.7,4,18.1,980.6,5.7,235,18.0,962.2,8.1,249,19.3,947.1,4.0,333,20.8,958.1,4.0,5,0.0,1238.64,1238.64
2026-09-03 20:00:00+00:00,18.4,0.0,0.0,18.4,988.1,9.4,212,18.5,967.9,5.1,356,18.3,981.2,13.8,261,17.7,963.5,13.0,270,18.3,947.9,5.4,340,19.7,957.7,3.6,354,0.0,2257.66,2257.66
2026-09-03 21:00:00+00:00,18.0,0.0,0.0,18.0,987.9,11.8,220,18.2,967.7,5.8,338,18.2,981.9,20.5,267,17.4,964.8,16.7,277,17.3,948.8,5.9,346,18.8,957.7,2.5,352,0.0,2297.46,2297.46
2026-09-03 22:00:00+00:00,18.0,0.0,0.0,18.0,988.0,11.9,245,18.4,967.8,9.4,317,17.5,982.7,22.3,270,17.0,965.6,16.4,279,16.4,949.5,5.8,353,18.4,958.2,0.7,360,0.0,2326.73,2326.73
2026-09-03 23:00:00+00:00,18.1,0.0,0.0,18.1,988.3,15.2,274,18.9,968.2,14.4,307,16.7,983.7,21.6,273,16.4,966.2,14.3,280,15.6,950.2,5.4,360,18.1,959.0,2.1,149,0.7933333333333333,2336.91,2337.7033333333334
